{
    "study_id": "PPP",
    "device_id": "Verily Study Watch",
    "subject_id": "X",
    "ppp_source_protobuf": "WatchData.IMU.Week104.raw",
    "metadata_version": "0.1",
    "start_iso8601": "2025-07-19T15:07:43Z",
    "end_iso8601": "2025-07-19T15:07:54Z",
    "rows": 172,
    "endianness": "little",
    "data_type": "float",
    "bits": 64,
    "sensors": [
        {
            "file_name": "IMU_pred_time.bin",
            "channels": [
                "time"
            ],
            "units": [
                "Relative seconds"
            ],
            "scale_factors": [
                1
            ]
        },
        {
            "file_name": "IMU_pred_values.bin",
            "channels": [
                "pred_tremor_proba",
                "pred_tremor_checked",
                "pred_arm_at_rest",
                "tremor_power",
                "freq_peak"
            ],
            "units": [
                "Unitless",
                "Unitless",
                "Unitless",
                "Unitless",
                "Unitless"
            ],
            "scale_factors": [
                1.0,
                1.0,
                1.0,
                1.0,
                1.0
            ]
        }
    ]
}